Risque_ID,"Type_Risque	",Exposition,"Volatilité_Marché	",Impact_Potentiel,"Date_Évaluation	",Responsable_Risque
ZGG-52439,risque de marché,faible,moyenne,9.47,6/10/2019,Analyst
BTL-52858,risque de change,modéré,moyenne,3.21,4/20/2014,Analyst
YPF-63110,devises,très élevé,élevée,2.33,11/17/2014,Director
PQZ-88223,taux d'intérêt,très élevé,moyenne,9.21,3/27/2019,Analyst
FSH-51759,risque de marché,élevé,faible,6.38,5/14/2012,Manager
IFN-04892,risque de marché,élevé,moyenne,2.52,12/29/2020,Specialist
FAG-95579,variation des taux,très élevé,élevée,6.22,11/13/2014,Coordinator
EDE-12952,taux d'intérêt,élevé,faible,9.84,10/7/2011,Manager
QCZ-25880,risque de marché,faible,faible,7.73,4/18/2020,Analyst
DXC-31384,taux d'intérêt,très élevé,moyenne,8.72,5/30/2020,Specialist
GAT-88681,devises,faible,moyenne,4.59,2/14/2018,Coordinator
DRX-11827,devises,très élevé,élevée,1.61,7/9/2021,Specialist
KLM-10842,variation des taux,modéré,moyenne,4.87,12/26/2010,Coordinator
BFL-48324,taux d'intérêt,élevé,élevée,8.83,3/3/2010,Analyst
BKZ-07898,taux d'intérêt,modéré,faible,2.55,12/12/2014,Coordinator
JJR-36694,devises,très élevé,faible,4.76,7/8/2015,Director
RFP-60254,risque de marché,modéré,faible,2.44,12/7/2015,Coordinator
RUA-80715,risque de change,modéré,élevée,4.72,3/17/2021,Director
SOK-00214,taux d'intérêt,modéré,faible,6.84,4/19/2017,Specialist
VAN-15498,devises,élevé,moyenne,6.62,12/13/2018,Coordinator
TMP-68781,risque de marché,faible,élevée,6.09,2/24/2017,Manager
ONB-61807,devises,modéré,élevée,5.62,2/10/2015,Director
KSG-66492,taux d'intérêt,très élevé,moyenne,5.17,12/12/2012,Analyst
WUX-10490,risque de change,élevé,élevée,4.82,9/30/2010,Coordinator
ETI-34798,taux d'intérêt,modéré,moyenne,8.02,5/20/2021,Coordinator
NFG-54230,devises,très élevé,moyenne,8.93,7/15/2010,Director
LOO-45860,taux d'intérêt,élevé,faible,6.42,4/27/2010,Analyst
HGC-89158,devises,modéré,élevée,3.68,6/13/2020,Analyst
KUE-57294,risque de marché,élevé,élevée,5.28,4/18/2021,Manager
YGQ-13959,taux d'intérêt,élevé,faible,9.39,2/17/2017,Manager
PDQ-20859,taux d'intérêt,élevé,moyenne,2.39,10/17/2014,Manager
UUS-59281,variation des taux,très élevé,faible,1.43,4/22/2021,Manager
RIZ-01021,taux d'intérêt,modéré,faible,4.66,4/18/2010,Coordinator
NCH-19734,risque de marché,élevé,moyenne,4.74,6/24/2014,Manager
REX-06319,taux d'intérêt,élevé,moyenne,1.9,4/4/2021,Director
BZI-92603,variation des taux,élevé,faible,2.59,11/20/2012,Coordinator
HBO-66375,variation des taux,modéré,faible,4.26,6/11/2019,Manager
ZTV-22273,risque de marché,très élevé,moyenne,9.27,4/28/2010,Coordinator
XKL-05067,devises,très élevé,moyenne,8.76,4/21/2011,Coordinator
PUT-34562,variation des taux,modéré,faible,2.14,12/25/2013,Manager
MWX-29810,taux d'intérêt,faible,faible,2.05,11/18/2019,Coordinator
YAE-68549,risque de marché,modéré,élevée,4.07,3/9/2015,Director
JYD-41107,risque de marché,très élevé,faible,3.17,5/31/2017,Director
XCP-47925,risque de marché,modéré,élevée,4.25,4/23/2019,Analyst
UJM-85121,devises,faible,élevée,7.11,4/22/2011,Specialist
GUX-21075,taux d'intérêt,très élevé,faible,1.2,12/1/2018,Specialist
MZR-00120,variation des taux,faible,moyenne,3.93,8/9/2021,Specialist
ZJR-74897,variation des taux,élevé,faible,2.02,6/29/2017,Manager
XSU-85048,taux d'intérêt,modéré,moyenne,8.11,7/16/2019,Director
JUB-09564,risque de marché,très élevé,moyenne,8.46,5/27/2020,Manager
OZO-80579,risque de change,élevé,faible,9.24,8/11/2017,Analyst
ELJ-11358,devises,très élevé,faible,9.63,1/12/2015,Director
QPI-20446,variation des taux,modéré,moyenne,4.76,9/9/2012,Coordinator
LBE-94914,risque de change,faible,élevée,5.45,9/9/2010,Coordinator
MUG-81269,devises,faible,élevée,6.19,4/6/2010,Manager
KER-63577,risque de change,faible,faible,6.03,4/14/2019,Manager
PKE-14062,variation des taux,élevé,moyenne,2.02,4/16/2014,Director
TON-11726,taux d'intérêt,élevé,moyenne,7.97,12/28/2018,Manager
ZFX-35609,variation des taux,très élevé,moyenne,8.72,10/16/2011,Analyst
NAO-67415,devises,modéré,faible,1.4,8/18/2018,Specialist
QMH-19980,variation des taux,élevé,élevée,3.56,7/28/2014,Specialist
YBW-89748,variation des taux,élevé,faible,2.94,1/17/2012,Manager
TAX-85620,devises,élevé,moyenne,8.34,12/28/2021,Manager
XYL-79579,variation des taux,faible,élevée,6.58,5/24/2014,Specialist
NOF-63091,risque de change,faible,faible,5.79,7/28/2021,Coordinator
YRJ-85126,devises,très élevé,élevée,6.85,3/14/2017,Specialist
VRN-49557,risque de marché,élevé,élevée,1.16,7/14/2010,Analyst
UPJ-49119,risque de change,élevé,élevée,4.97,7/13/2012,Coordinator
CVH-64250,variation des taux,élevé,faible,6.69,7/27/2010,Coordinator
WSI-33922,taux d'intérêt,très élevé,moyenne,2.93,4/8/2013,Specialist
NNE-54904,devises,modéré,moyenne,3.15,3/14/2016,Coordinator
LZN-44237,devises,faible,moyenne,8.36,6/9/2011,Director
VUI-21980,risque de marché,élevé,moyenne,7.86,10/4/2010,Specialist
PYU-90087,risque de marché,modéré,faible,6.12,11/1/2012,Manager
LWM-75272,taux d'intérêt,très élevé,moyenne,5.44,1/11/2018,Analyst
IRS-97960,risque de marché,très élevé,moyenne,8.24,12/19/2016,Specialist
RMB-06166,taux d'intérêt,élevé,faible,6.78,3/24/2017,Coordinator
SSF-24530,devises,modéré,moyenne,1.08,9/1/2017,Manager
TOE-54807,devises,très élevé,élevée,4.01,9/18/2020,Coordinator
PAR-99126,devises,très élevé,moyenne,4.08,11/4/2018,Specialist
XYK-03534,variation des taux,élevé,moyenne,2.25,5/15/2011,Coordinator
XRF-10504,risque de change,modéré,moyenne,2.92,6/26/2012,Specialist
KMC-22045,taux d'intérêt,faible,faible,3.7,11/25/2013,Coordinator
OVX-38385,variation des taux,très élevé,faible,4.55,12/10/2012,Specialist
HVC-70634,risque de marché,très élevé,faible,2.64,1/29/2018,Specialist
SLM-53931,taux d'intérêt,faible,faible,8.42,9/20/2012,Specialist
HVI-96655,risque de change,modéré,faible,8.43,11/29/2014,Analyst
EPZ-24589,devises,élevé,moyenne,1.78,4/26/2018,Manager
MTL-60554,variation des taux,faible,moyenne,5.45,6/5/2015,Analyst
DJC-32391,variation des taux,modéré,élevée,7.27,1/18/2013,Director
QDV-60304,devises,modéré,élevée,5.82,4/15/2020,Analyst
MOI-65752,devises,très élevé,élevée,5.07,12/8/2014,Coordinator
ICC-84992,risque de change,très élevé,faible,1.46,11/7/2011,Coordinator
MPQ-85307,taux d'intérêt,faible,moyenne,8.81,2/13/2016,Manager
YHZ-17051,taux d'intérêt,faible,faible,3.04,12/19/2013,Specialist
RGN-59186,risque de change,modéré,élevée,1.13,8/2/2019,Analyst
VTP-26440,devises,élevé,élevée,8.0,9/12/2015,Coordinator
TTL-63089,risque de change,très élevé,moyenne,8.53,1/12/2014,Manager
CWZ-11256,taux d'intérêt,faible,moyenne,4.69,6/9/2016,Analyst
SIE-34098,risque de change,très élevé,moyenne,3.34,6/24/2019,Analyst
MVP-57160,risque de marché,très élevé,élevée,9.83,6/20/2018,Director
ICJ-57332,risque de marché,faible,moyenne,2.9,5/9/2019,Director
WOX-11288,risque de marché,faible,élevée,2.5,12/17/2020,Specialist
SZI-11645,taux d'intérêt,faible,faible,1.12,12/2/2014,Specialist
WZP-42832,risque de marché,faible,faible,3.04,4/21/2014,Specialist
IGM-43873,variation des taux,très élevé,moyenne,2.89,2/26/2012,Manager
DVK-01732,taux d'intérêt,très élevé,faible,9.07,11/12/2021,Specialist
UES-84824,risque de change,élevé,élevée,8.15,7/2/2010,Analyst
VQF-68646,taux d'intérêt,modéré,élevée,2.3,10/20/2014,Director
JTK-27558,risque de marché,très élevé,faible,8.82,3/16/2010,Manager
QAG-23631,variation des taux,modéré,élevée,6.2,8/21/2017,Director
ZWX-22555,devises,faible,moyenne,6.2,1/28/2010,Analyst
XAP-81887,variation des taux,faible,élevée,4.56,11/29/2021,Specialist
XDZ-19893,risque de marché,faible,faible,4.1,1/11/2019,Manager
DCJ-15778,variation des taux,très élevé,élevée,7.18,4/1/2011,Coordinator
QMC-66209,taux d'intérêt,élevé,faible,4.18,1/14/2015,Director
MTO-12697,risque de change,modéré,moyenne,2.05,9/10/2012,Specialist
LKC-72528,risque de change,élevé,moyenne,6.4,10/30/2016,Specialist
DTY-72321,variation des taux,modéré,élevée,9.28,12/2/2021,Analyst
RWH-50318,devises,très élevé,moyenne,9.67,9/28/2011,Specialist
TGV-37561,risque de change,élevé,faible,2.62,7/11/2016,Specialist
XTD-85459,risque de marché,très élevé,élevée,1.91,12/20/2019,Coordinator
OLV-08152,taux d'intérêt,faible,élevée,8.77,11/21/2015,Specialist
KKI-64924,risque de change,très élevé,moyenne,2.18,12/2/2012,Analyst
ENJ-19074,risque de marché,modéré,faible,7.34,4/11/2011,Director
LWK-56031,risque de change,élevé,moyenne,2.71,6/2/2017,Specialist
TUE-32278,variation des taux,modéré,élevée,4.67,12/5/2012,Analyst
KBH-83266,risque de marché,élevé,faible,3.73,10/13/2014,Specialist
NXQ-25549,variation des taux,élevé,élevée,5.06,8/21/2015,Analyst
DQM-53708,taux d'intérêt,très élevé,faible,2.97,4/12/2021,Specialist
AOQ-03640,devises,modéré,moyenne,1.45,11/18/2012,Specialist
JDL-91665,variation des taux,élevé,faible,4.19,8/12/2016,Analyst
SEE-66328,taux d'intérêt,modéré,faible,1.49,1/21/2013,Manager
JBE-68251,devises,faible,élevée,2.91,6/24/2021,Manager
ESJ-25347,risque de change,élevé,faible,7.78,4/8/2018,Analyst
BGO-96968,taux d'intérêt,faible,élevée,4.86,3/13/2019,Analyst
GST-54918,risque de change,faible,élevée,8.5,10/26/2015,Manager
UUQ-24048,variation des taux,élevé,moyenne,9.79,10/15/2018,Coordinator
LLP-03399,risque de marché,faible,élevée,4.11,10/9/2011,Director
IQH-00668,variation des taux,très élevé,élevée,7.4,8/5/2012,Manager
SIL-76350,variation des taux,élevé,faible,7.97,8/2/2018,Director
PJS-54110,variation des taux,élevé,faible,2.39,9/8/2014,Director
CND-19392,risque de change,faible,faible,9.82,9/18/2018,Coordinator
NZB-95130,variation des taux,élevé,faible,9.43,3/24/2017,Director
AJV-46802,risque de marché,élevé,faible,8.07,10/20/2013,Manager
DFL-50516,devises,très élevé,moyenne,5.31,3/26/2017,Manager
TRM-26228,risque de change,faible,élevée,3.46,6/1/2011,Coordinator
TOG-96037,variation des taux,modéré,moyenne,3.33,11/21/2017,Manager
EYG-93553,devises,modéré,moyenne,9.05,5/7/2010,Coordinator
NRP-33040,devises,faible,élevée,7.66,7/14/2018,Coordinator
ZDL-42070,risque de marché,élevé,élevée,1.33,1/22/2010,Coordinator
TCD-05732,devises,modéré,moyenne,6.61,6/11/2019,Specialist
UIB-52311,variation des taux,très élevé,moyenne,6.96,12/4/2010,Specialist
EOH-30846,risque de change,élevé,élevée,9.57,9/17/2012,Analyst
YPR-13154,risque de marché,faible,faible,5.95,9/10/2019,Director
GAC-27379,risque de marché,très élevé,élevée,9.59,8/10/2020,Analyst
IRU-38669,variation des taux,modéré,élevée,8.79,12/6/2010,Analyst
BBE-13464,devises,élevé,faible,1.03,9/1/2019,Director
LGM-05734,risque de change,faible,moyenne,5.95,5/28/2019,Director
LKY-92703,risque de marché,très élevé,moyenne,1.66,8/4/2014,Coordinator
LZX-90987,risque de marché,très élevé,moyenne,9.0,10/19/2021,Analyst
SMA-13344,risque de change,faible,élevée,2.22,12/18/2013,Coordinator
SEG-18797,risque de marché,modéré,moyenne,1.16,6/22/2017,Director
BMV-06243,variation des taux,faible,moyenne,2.53,2/11/2015,Specialist
SRS-63544,variation des taux,élevé,élevée,1.59,6/4/2013,Coordinator
CUP-20034,variation des taux,faible,moyenne,8.06,11/5/2010,Manager
QMB-09018,risque de change,très élevé,élevée,3.05,1/17/2015,Specialist
KDB-87895,devises,faible,moyenne,1.69,7/27/2018,Specialist
VLH-40613,taux d'intérêt,faible,élevée,1.7,12/31/2015,Director
JIO-95245,variation des taux,élevé,faible,1.04,12/14/2015,Specialist
MYR-05839,risque de change,élevé,faible,5.23,12/17/2011,Manager
XDD-38133,risque de change,faible,moyenne,3.16,10/29/2021,Manager
JFH-47874,devises,très élevé,faible,2.58,1/31/2011,Analyst
IZZ-14618,variation des taux,faible,moyenne,3.45,4/18/2013,Analyst
ZAR-07270,risque de marché,faible,élevée,6.52,11/21/2015,Analyst
CUQ-26568,taux d'intérêt,faible,élevée,8.94,8/25/2017,Specialist
VWN-73476,variation des taux,faible,élevée,3.9,8/6/2019,Director
ZMM-41208,risque de marché,modéré,moyenne,6.4,10/29/2010,Manager
AOD-96379,risque de marché,élevé,faible,4.48,6/25/2010,Coordinator
ZUP-13819,risque de change,faible,élevée,5.52,2/3/2011,Coordinator
BWW-41958,variation des taux,élevé,moyenne,1.31,10/24/2020,Coordinator
CDK-51039,variation des taux,faible,faible,4.94,1/8/2011,Coordinator
LRH-21548,risque de marché,très élevé,moyenne,9.91,6/4/2018,Coordinator
LRB-18674,taux d'intérêt,élevé,faible,8.5,3/10/2010,Coordinator
JLQ-32199,risque de marché,très élevé,élevée,6.9,8/1/2019,Coordinator
HEU-61647,taux d'intérêt,faible,élevée,5.61,9/6/2014,Specialist
OMM-17352,taux d'intérêt,élevé,élevée,2.5,3/3/2015,Coordinator
QAU-09845,risque de marché,modéré,faible,2.25,5/28/2020,Analyst
RND-44021,devises,modéré,faible,7.89,3/30/2010,Director
RND-43499,taux d'intérêt,très élevé,faible,5.24,2/5/2017,Specialist
HJG-08081,variation des taux,modéré,moyenne,3.67,2/10/2019,Director
KVG-30544,risque de change,faible,faible,9.2,1/3/2011,Analyst
WOP-78368,devises,élevé,faible,5.2,12/19/2012,Manager
MVX-12948,devises,élevé,faible,2.58,2/18/2013,Manager
PHG-11120,risque de change,très élevé,moyenne,9.11,11/8/2019,Director
FEP-32809,variation des taux,modéré,faible,5.2,9/20/2020,Specialist
LEY-18279,risque de change,très élevé,moyenne,5.54,2/18/2019,Analyst
BXR-28219,risque de change,modéré,faible,5.52,1/5/2020,Specialist
NUS-48491,risque de marché,élevé,moyenne,8.14,9/8/2021,Analyst
BOU-46861,risque de change,élevé,faible,2.76,5/16/2016,Director
CRH-49819,risque de change,modéré,élevée,3.8,1/2/2015,Coordinator
UNI-47036,variation des taux,modéré,faible,1.17,7/20/2011,Analyst
ZQI-81879,risque de marché,modéré,faible,4.27,8/7/2021,Analyst
CXZ-07024,risque de marché,élevé,faible,8.04,12/22/2021,Analyst
ZNK-89597,variation des taux,très élevé,élevée,9.17,1/22/2016,Specialist
YST-37107,risque de marché,élevé,moyenne,6.19,8/11/2014,Analyst
XUH-87823,risque de marché,faible,faible,8.05,10/15/2016,Director
JAO-49855,variation des taux,élevé,élevée,1.61,7/23/2015,Manager
NHV-63859,devises,très élevé,faible,6.54,10/16/2010,Specialist
JFG-22500,risque de change,modéré,faible,8.54,9/25/2018,Specialist
HWS-61668,risque de change,très élevé,moyenne,8.99,8/7/2010,Coordinator
MSX-36773,risque de marché,élevé,faible,2.54,7/28/2015,Analyst
FMX-46365,taux d'intérêt,très élevé,moyenne,5.43,12/9/2016,Coordinator
SOR-38219,risque de marché,élevé,moyenne,1.77,7/4/2014,Manager
NPC-21418,risque de marché,très élevé,élevée,5.63,2/23/2010,Coordinator
QXZ-96405,variation des taux,modéré,élevée,3.2,4/20/2013,Director
GWR-30192,taux d'intérêt,modéré,faible,1.96,3/15/2020,Coordinator
TCR-54568,risque de marché,élevé,moyenne,9.52,8/16/2021,Manager
HHC-69149,variation des taux,très élevé,faible,1.27,6/10/2016,Director
GTH-40310,devises,très élevé,moyenne,3.16,9/19/2016,Specialist
UDP-54712,variation des taux,très élevé,moyenne,2.65,2/24/2010,Manager
SQJ-17743,devises,modéré,faible,3.78,2/26/2019,Specialist
KSU-62854,risque de change,très élevé,moyenne,6.11,7/2/2014,Coordinator
FKI-38119,devises,très élevé,faible,5.92,1/24/2019,Director
KDJ-12233,variation des taux,modéré,élevée,2.34,12/25/2017,Analyst
BNH-92872,risque de marché,très élevé,élevée,7.61,7/15/2016,Manager
DDR-62660,variation des taux,élevé,élevée,5.72,6/21/2020,Coordinator
HIV-25958,risque de change,très élevé,faible,3.79,11/20/2020,Analyst
VKL-18040,variation des taux,modéré,moyenne,5.93,10/4/2015,Coordinator
SZC-67980,risque de marché,élevé,faible,4.08,11/12/2020,Coordinator
PUU-87737,variation des taux,faible,élevée,1.26,8/27/2013,Coordinator
CFK-93859,risque de change,faible,moyenne,6.91,11/9/2010,Specialist
EUQ-72256,taux d'intérêt,modéré,moyenne,5.94,6/10/2011,Coordinator
HHO-50465,risque de marché,faible,élevée,9.74,7/19/2012,Specialist
FCS-00428,taux d'intérêt,très élevé,moyenne,7.52,2/9/2020,Director
ITZ-98768,risque de marché,élevé,moyenne,6.7,3/1/2014,Manager
DRZ-79703,risque de marché,faible,élevée,2.38,7/13/2021,Specialist
RQR-27609,taux d'intérêt,très élevé,élevée,7.49,11/1/2017,Manager
VWQ-88378,risque de change,élevé,élevée,2.97,1/2/2021,Analyst
VIO-47374,devises,faible,moyenne,2.65,12/21/2010,Director
BAO-80278,taux d'intérêt,élevé,moyenne,2.73,10/25/2020,Analyst
CNR-09117,risque de change,élevé,élevée,4.16,4/10/2018,Coordinator
VCL-89828,devises,très élevé,faible,2.26,12/8/2013,Manager
VDQ-36852,risque de marché,modéré,élevée,1.06,1/20/2021,Manager
ZOX-01790,risque de marché,très élevé,élevée,5.53,6/18/2011,Analyst
JBV-14126,risque de change,modéré,faible,7.07,10/7/2018,Specialist
YNY-93380,taux d'intérêt,élevé,élevée,3.46,7/21/2017,Director
CXD-41646,risque de marché,modéré,moyenne,6.83,9/2/2011,Manager
YYU-62954,devises,faible,élevée,1.77,12/27/2016,Coordinator
JNF-23925,devises,modéré,faible,9.84,8/25/2012,Analyst
YCK-56329,risque de marché,faible,moyenne,2.95,12/31/2018,Specialist
MAW-50274,taux d'intérêt,élevé,moyenne,9.54,9/12/2020,Analyst
UTH-04180,taux d'intérêt,modéré,élevée,9.42,5/5/2014,Manager
TBO-41077,taux d'intérêt,modéré,moyenne,3.78,5/25/2013,Manager
YFA-73159,risque de marché,élevé,élevée,7.87,7/14/2017,Director
LUV-26491,taux d'intérêt,très élevé,élevée,4.14,5/23/2013,Analyst
JWW-40110,devises,très élevé,moyenne,3.58,5/16/2016,Director
VFA-45504,risque de change,faible,élevée,3.33,7/8/2018,Analyst
VXZ-02173,risque de marché,très élevé,moyenne,7.74,12/13/2019,Analyst
VPC-40002,risque de change,très élevé,faible,8.38,2/2/2010,Manager
BTN-03934,risque de change,élevé,faible,6.4,11/6/2014,Specialist
HHN-44924,devises,très élevé,élevée,7.28,8/17/2010,Coordinator
GQK-33203,taux d'intérêt,modéré,élevée,7.83,6/30/2018,Coordinator
PNB-01045,devises,très élevé,faible,2.38,9/19/2014,Manager
RTQ-03467,devises,faible,élevée,8.57,8/19/2011,Analyst
PEP-24315,variation des taux,faible,élevée,10.0,4/13/2020,Coordinator
QUS-68258,variation des taux,modéré,élevée,1.8,1/30/2015,Analyst
ENB-31355,devises,modéré,moyenne,1.85,10/13/2011,Analyst
AFT-89848,devises,très élevé,élevée,6.08,7/17/2015,Manager
WLW-94401,risque de change,très élevé,faible,5.31,5/17/2020,Coordinator
WJJ-74349,risque de marché,très élevé,élevée,8.48,9/23/2013,Analyst
NXC-61614,variation des taux,élevé,moyenne,6.92,7/18/2013,Specialist
NOQ-12108,variation des taux,élevé,moyenne,1.49,2/22/2020,Specialist
VQY-70825,risque de change,élevé,élevée,8.42,2/25/2011,Director
CXQ-51413,devises,faible,élevée,4.95,7/14/2018,Specialist
GQQ-81958,risque de marché,très élevé,élevée,9.48,3/8/2021,Manager
LXQ-56986,devises,très élevé,faible,4.45,3/29/2013,Director
MVS-15075,variation des taux,modéré,élevée,4.28,7/19/2017,Specialist
SYW-75209,variation des taux,modéré,élevée,5.05,4/10/2019,Specialist
SIY-31103,risque de marché,modéré,faible,5.14,9/13/2016,Director
BNV-98168,risque de change,élevé,élevée,9.73,6/21/2011,Director
HEI-12906,variation des taux,élevé,moyenne,8.3,3/22/2021,Director
AFW-46446,devises,très élevé,élevée,7.63,7/10/2013,Analyst
HLJ-26127,variation des taux,modéré,faible,9.91,9/18/2018,Coordinator
HDY-64751,variation des taux,très élevé,moyenne,8.36,3/7/2020,Analyst
CUA-52875,risque de marché,modéré,moyenne,4.94,10/14/2019,Manager
QKV-71524,risque de change,modéré,élevée,6.38,2/15/2010,Director
RAR-91735,variation des taux,élevé,moyenne,9.37,9/24/2011,Coordinator
HCU-45595,variation des taux,très élevé,faible,6.15,8/20/2019,Manager
MBY-45119,taux d'intérêt,élevé,moyenne,7.51,11/7/2014,Manager
HPE-64044,variation des taux,modéré,moyenne,2.92,2/4/2017,Specialist
VUU-40023,risque de change,très élevé,moyenne,3.69,12/28/2020,Director
JYG-01824,variation des taux,modéré,faible,6.66,6/23/2018,Director
YWV-86092,risque de change,faible,faible,9.41,5/22/2011,Manager
NGS-28407,risque de change,faible,élevée,8.59,6/4/2011,Analyst
PLX-53827,risque de marché,élevé,moyenne,9.91,5/3/2010,Specialist
ZEI-01816,risque de change,faible,élevée,2.07,4/25/2011,Specialist
UUH-29442,risque de change,modéré,élevée,4.45,8/4/2013,Director
SHW-06452,devises,élevé,élevée,7.96,1/27/2018,Analyst
NOU-31081,variation des taux,modéré,élevée,1.17,4/22/2012,Analyst
QPZ-52726,taux d'intérêt,très élevé,élevée,8.81,1/15/2014,Analyst
KSH-05636,risque de marché,élevé,élevée,4.52,2/18/2016,Manager
EIJ-02615,devises,modéré,faible,6.38,9/19/2021,Director
WFU-84058,variation des taux,faible,élevée,4.93,9/15/2021,Analyst
JBF-20533,risque de change,modéré,élevée,7.63,10/22/2020,Manager
VLI-81808,variation des taux,modéré,moyenne,3.7,9/2/2014,Manager
YPH-76734,taux d'intérêt,faible,élevée,3.34,8/3/2017,Director
PYQ-67382,risque de change,faible,élevée,2.88,9/14/2013,Director
ULN-13962,variation des taux,modéré,faible,1.12,8/8/2017,Analyst
ACG-91935,variation des taux,très élevé,élevée,3.42,6/1/2012,Specialist
VCI-51731,taux d'intérêt,faible,élevée,5.6,3/11/2018,Coordinator
MVT-76886,risque de change,très élevé,élevée,6.12,1/12/2018,Analyst
ANC-89091,variation des taux,élevé,moyenne,2.92,10/16/2014,Specialist
XXN-33383,risque de marché,élevé,faible,6.93,10/3/2011,Director
CIZ-72545,risque de change,élevé,faible,7.95,8/10/2017,Director
KCI-11184,devises,élevé,faible,3.78,8/15/2016,Manager
QII-21254,taux d'intérêt,modéré,moyenne,7.92,10/15/2017,Director
VQM-49026,taux d'intérêt,élevé,moyenne,3.37,12/9/2016,Analyst
VIE-95428,risque de change,modéré,moyenne,9.21,2/18/2020,Specialist
HNL-71286,risque de change,très élevé,moyenne,7.02,5/12/2020,Analyst
CVJ-38599,risque de marché,élevé,élevée,6.68,12/15/2015,Coordinator
VBJ-09590,risque de change,élevé,faible,4.04,6/4/2019,Director
CIE-73044,taux d'intérêt,modéré,moyenne,2.19,7/27/2015,Specialist
ZNM-99614,devises,élevé,faible,8.71,8/23/2013,Director
EQD-23365,risque de change,élevé,faible,3.72,2/18/2020,Analyst
SEF-52251,variation des taux,faible,élevée,1.17,3/5/2016,Specialist
NTE-14293,variation des taux,très élevé,faible,3.43,1/3/2021,Manager
KJJ-87786,variation des taux,faible,moyenne,7.62,3/5/2019,Specialist
KJP-29345,taux d'intérêt,très élevé,élevée,7.7,6/7/2013,Manager
ADS-75495,devises,faible,élevée,1.88,5/5/2016,Specialist
FJP-52518,risque de change,élevé,faible,2.89,12/8/2020,Specialist
RLN-86179,taux d'intérêt,faible,moyenne,3.48,7/16/2015,Specialist
LFS-64533,taux d'intérêt,élevé,faible,5.44,8/13/2013,Manager
QKB-72883,variation des taux,modéré,moyenne,3.1,12/13/2011,Director
ZPW-44162,risque de change,modéré,faible,7.32,8/1/2019,Coordinator
ZPF-50127,risque de change,très élevé,faible,6.84,5/4/2018,Director
DMY-92591,risque de change,très élevé,moyenne,1.08,7/9/2014,Analyst
OPB-35362,risque de change,modéré,faible,5.64,2/27/2010,Specialist
ZED-34389,variation des taux,modéré,élevée,7.95,11/2/2017,Specialist
IAP-38881,risque de change,modéré,moyenne,5.48,5/9/2010,Analyst
QFF-60581,variation des taux,très élevé,faible,8.42,2/23/2014,Director
GSS-13834,risque de change,faible,élevée,9.47,11/8/2011,Specialist
NKE-49654,risque de marché,élevé,moyenne,1.86,3/11/2015,Analyst
AXA-77970,variation des taux,faible,faible,7.44,5/26/2015,Specialist
MOP-08436,variation des taux,modéré,faible,4.27,3/31/2019,Manager
RQE-36832,risque de marché,modéré,faible,4.27,3/28/2021,Coordinator
NCY-04826,taux d'intérêt,très élevé,élevée,7.32,8/15/2015,Coordinator
MXH-18598,devises,très élevé,élevée,4.06,5/10/2011,Specialist
XKK-64981,risque de marché,modéré,élevée,7.73,6/6/2011,Specialist
EDF-92550,risque de marché,très élevé,faible,4.36,1/8/2020,Manager
WJN-00163,risque de change,modéré,élevée,5.95,5/27/2012,Analyst
IXC-30672,devises,modéré,faible,7.16,5/15/2012,Analyst
NZU-53972,variation des taux,faible,faible,9.37,3/8/2011,Coordinator
DVV-87354,devises,élevé,faible,6.08,12/15/2010,Director
HIA-02582,taux d'intérêt,faible,moyenne,4.19,3/25/2018,Director
VJC-99774,devises,très élevé,faible,6.3,12/7/2018,Manager
AWR-33852,taux d'intérêt,très élevé,élevée,3.97,9/7/2012,Specialist
GBP-29383,devises,modéré,élevée,6.16,5/7/2020,Analyst
JSI-24450,devises,élevé,élevée,8.03,11/5/2021,Specialist
XPC-48503,risque de change,modéré,faible,6.46,9/7/2021,Specialist
LWJ-29937,risque de change,faible,faible,8.73,5/18/2013,Director
GPA-15915,devises,modéré,élevée,5.0,1/5/2018,Director
QMK-01452,variation des taux,très élevé,moyenne,7.16,7/3/2018,Director
IWU-46653,taux d'intérêt,très élevé,moyenne,9.8,2/22/2018,Analyst
ZRB-88822,devises,modéré,faible,1.02,10/11/2013,Director
SSP-26731,variation des taux,modéré,élevée,7.54,3/7/2018,Specialist
GGT-72686,devises,élevé,faible,7.78,2/24/2010,Manager
MPG-33963,risque de marché,très élevé,faible,8.87,5/8/2021,Director
WXR-88619,variation des taux,faible,faible,7.97,8/5/2013,Coordinator
FAP-52895,variation des taux,élevé,moyenne,6.53,6/11/2018,Coordinator
QRC-64105,risque de change,très élevé,faible,2.76,8/15/2011,Director
MUA-72060,devises,modéré,élevée,2.15,1/1/2017,Director
ATP-33682,devises,très élevé,faible,2.89,10/23/2014,Analyst
DCL-53604,risque de change,élevé,moyenne,7.72,8/3/2013,Specialist
HPF-73221,risque de change,modéré,moyenne,3.17,8/3/2013,Specialist
IBW-14921,risque de marché,faible,faible,2.47,11/22/2016,Analyst
OBZ-51585,taux d'intérêt,élevé,faible,1.34,10/12/2017,Director
ZKQ-65917,risque de change,élevé,élevée,9.07,9/7/2011,Coordinator
DTU-19890,devises,faible,moyenne,2.18,10/12/2014,Analyst
GOP-88605,risque de marché,modéré,moyenne,1.23,9/20/2016,Director
ZNR-15631,risque de marché,élevé,moyenne,1.78,4/29/2013,Manager
TGS-72122,variation des taux,élevé,faible,1.92,3/13/2021,Director
LYK-25374,risque de change,très élevé,moyenne,9.56,2/26/2010,Coordinator
POY-22584,taux d'intérêt,modéré,élevée,7.86,2/22/2018,Specialist
API-61255,taux d'intérêt,très élevé,faible,9.87,7/18/2011,Analyst
KBI-79300,risque de marché,faible,faible,3.9,9/18/2019,Analyst
VEA-65348,risque de marché,faible,élevée,2.29,4/11/2010,Coordinator
ZUL-13199,variation des taux,élevé,faible,6.87,6/4/2017,Director
VWD-13492,risque de change,modéré,faible,4.22,1/29/2018,Specialist
AKS-09712,taux d'intérêt,modéré,moyenne,8.73,8/20/2020,Director
GAD-18132,risque de marché,faible,faible,7.9,11/30/2014,Analyst
LFQ-77105,devises,élevé,faible,2.58,4/23/2019,Analyst
HQS-53618,devises,modéré,faible,4.98,1/30/2016,Analyst
VAE-49769,risque de marché,très élevé,élevée,3.58,3/14/2012,Coordinator
LBJ-72746,risque de marché,modéré,élevée,4.57,12/11/2016,Coordinator
JQL-67702,variation des taux,modéré,faible,6.62,2/12/2018,Director
RZG-45299,taux d'intérêt,faible,faible,8.6,1/14/2019,Manager
NDD-03634,risque de change,élevé,moyenne,3.94,5/29/2013,Director
UTG-88311,variation des taux,modéré,faible,1.54,10/3/2014,Specialist
XWO-11476,taux d'intérêt,très élevé,élevée,9.75,7/9/2017,Manager
RLN-58247,variation des taux,faible,faible,4.42,7/19/2021,Coordinator
PBL-03605,devises,modéré,faible,3.07,7/12/2016,Manager
ZAH-32510,risque de marché,élevé,élevée,4.16,9/19/2011,Manager
CIT-06019,variation des taux,très élevé,moyenne,1.25,5/29/2011,Director
CPX-10330,risque de change,élevé,faible,6.9,9/1/2019,Director
XGM-25838,devises,faible,moyenne,3.04,9/19/2014,Analyst
FCY-29221,devises,modéré,moyenne,7.13,11/6/2014,Analyst
CRR-71467,variation des taux,faible,moyenne,4.98,7/5/2020,Analyst
EAI-65611,devises,très élevé,faible,7.09,7/2/2012,Director
OFU-56060,devises,modéré,élevée,3.7,3/4/2016,Analyst
HER-38545,variation des taux,faible,élevée,7.44,6/10/2011,Manager
QAT-47300,risque de marché,faible,élevée,1.5,2/21/2014,Coordinator
COU-67606,risque de change,élevé,élevée,6.99,9/5/2012,Analyst
WBO-32645,risque de change,très élevé,moyenne,8.36,7/29/2010,Analyst
QKD-06291,risque de marché,élevé,faible,1.6,6/8/2012,Director
AVB-24285,risque de change,élevé,faible,4.99,4/15/2021,Specialist
ZDR-94758,taux d'intérêt,modéré,élevée,2.92,6/24/2020,Coordinator
IES-51886,variation des taux,très élevé,faible,6.44,8/16/2011,Director
MMI-63696,variation des taux,très élevé,faible,3.03,4/4/2017,Coordinator
XHF-61930,devises,modéré,faible,8.62,9/12/2012,Director
ROC-26899,variation des taux,faible,élevée,4.78,6/2/2020,Analyst
NMX-23432,taux d'intérêt,faible,faible,3.12,10/19/2011,Analyst
VGC-84979,devises,faible,faible,5.63,12/28/2020,Analyst
FUG-91492,variation des taux,faible,élevée,5.22,4/23/2018,Specialist
XOO-13546,devises,modéré,faible,9.91,1/15/2011,Specialist
DBD-34630,devises,modéré,élevée,7.79,7/8/2013,Analyst
JCJ-37623,taux d'intérêt,modéré,élevée,5.47,5/10/2012,Analyst
BVE-13237,devises,faible,faible,7.85,6/26/2013,Analyst
YOE-81460,risque de change,élevé,faible,3.44,10/2/2020,Specialist
TDF-65866,variation des taux,faible,moyenne,1.2,10/11/2021,Manager
MCW-22087,variation des taux,élevé,faible,1.04,7/23/2015,Director
XPD-45656,risque de marché,faible,élevée,7.91,4/10/2011,Director
AYG-38523,risque de marché,très élevé,moyenne,4.34,4/30/2017,Specialist
XCS-82034,devises,faible,moyenne,2.25,11/21/2015,Coordinator
IOU-14703,risque de change,très élevé,moyenne,9.97,7/28/2013,Manager
NHF-91624,taux d'intérêt,très élevé,élevée,1.68,4/24/2012,Director
TGN-11105,taux d'intérêt,faible,moyenne,4.37,1/15/2016,Director
WXI-99973,risque de marché,modéré,élevée,8.21,3/31/2017,Coordinator
KPU-08838,risque de marché,très élevé,faible,7.81,5/26/2011,Coordinator
UGD-26485,risque de change,faible,faible,1.05,9/16/2014,Manager
QBC-65180,taux d'intérêt,modéré,moyenne,2.88,10/2/2011,Manager
QGW-27382,variation des taux,modéré,faible,9.51,12/23/2018,Analyst
FRX-77666,risque de marché,modéré,faible,2.37,6/20/2019,Coordinator
RWA-17279,risque de marché,faible,élevée,6.31,11/10/2020,Analyst
NTG-62871,taux d'intérêt,faible,élevée,5.91,1/19/2018,Coordinator
SBK-35895,risque de marché,faible,élevée,5.17,11/15/2014,Specialist
GCH-30233,risque de marché,élevé,moyenne,7.14,6/28/2011,Specialist
ESU-32048,risque de marché,élevé,moyenne,7.99,4/13/2014,Director
PKE-61671,devises,modéré,élevée,3.97,7/13/2017,Manager
BPF-87554,devises,élevé,faible,6.44,4/21/2013,Manager
CGT-48886,risque de change,élevé,moyenne,7.7,5/22/2012,Coordinator
FKU-10160,risque de marché,très élevé,moyenne,8.63,12/24/2017,Specialist
DCI-75908,risque de marché,modéré,moyenne,1.71,8/26/2019,Coordinator
RYM-88858,risque de marché,modéré,moyenne,2.87,4/17/2021,Director
CCE-97093,risque de change,élevé,faible,8.19,12/8/2016,Coordinator
ZBD-90024,risque de change,modéré,moyenne,2.86,2/11/2021,Analyst
KQF-16890,risque de change,très élevé,moyenne,5.21,11/6/2018,Analyst
NLL-64026,risque de change,faible,moyenne,4.45,4/8/2015,Manager
YQT-74994,risque de change,très élevé,moyenne,2.03,4/9/2015,Specialist
VIZ-39686,risque de change,faible,faible,4.6,12/23/2010,Director
BSW-60278,variation des taux,faible,faible,1.85,12/6/2011,Specialist
GDJ-70048,risque de change,très élevé,moyenne,6.01,1/19/2011,Coordinator
KTO-61615,taux d'intérêt,modéré,moyenne,6.11,6/15/2015,Manager
RSA-63691,devises,élevé,élevée,1.17,2/28/2014,Manager
FXQ-13115,risque de marché,modéré,élevée,4.52,12/18/2011,Specialist
DJE-50766,risque de change,très élevé,moyenne,6.37,2/2/2013,Specialist
PYH-85648,taux d'intérêt,faible,élevée,6.73,12/12/2020,Director
KQO-55649,variation des taux,modéré,faible,3.61,6/21/2020,Specialist
MNW-39413,risque de marché,très élevé,faible,7.33,11/22/2015,Coordinator
AEP-13602,risque de marché,modéré,faible,1.6,4/26/2015,Coordinator
LGR-23043,variation des taux,élevé,élevée,9.45,3/4/2017,Manager
HBB-13751,risque de change,très élevé,moyenne,9.79,1/28/2016,Manager
YBB-60033,devises,modéré,élevée,3.54,3/20/2013,Specialist
ZBW-66556,devises,faible,élevée,9.0,4/2/2013,Specialist
LFZ-28561,variation des taux,élevé,élevée,6.07,5/30/2013,Manager
MXM-96643,devises,très élevé,faible,8.46,10/9/2018,Specialist
TOM-35094,risque de marché,faible,élevée,4.55,1/27/2020,Manager
BLG-28153,risque de change,élevé,moyenne,7.32,5/25/2014,Coordinator
VOW-20551,taux d'intérêt,faible,élevée,5.17,6/16/2020,Analyst
WNJ-14373,taux d'intérêt,modéré,élevée,9.18,3/16/2020,Analyst
GQR-91105,risque de change,élevé,moyenne,5.3,8/19/2013,Analyst
BLA-75498,variation des taux,faible,faible,7.83,1/9/2021,Director
AZC-47640,risque de change,élevé,moyenne,7.4,4/27/2010,Manager
FPY-21084,risque de change,faible,élevée,9.79,8/22/2015,Specialist
GYC-19186,variation des taux,élevé,faible,7.73,4/24/2019,Analyst
WVO-25962,risque de change,très élevé,moyenne,8.05,11/30/2011,Manager
NEU-71424,taux d'intérêt,faible,faible,7.02,5/29/2021,Coordinator
OYX-09992,risque de change,faible,moyenne,3.35,10/10/2018,Director
FTL-67364,risque de marché,élevé,faible,6.37,3/6/2012,Specialist
OPP-28753,risque de change,très élevé,moyenne,6.15,6/23/2017,Analyst
BTZ-31946,devises,très élevé,faible,8.34,1/16/2021,Specialist
SLC-29505,variation des taux,très élevé,faible,2.94,10/7/2020,Analyst
QPX-72846,risque de change,modéré,moyenne,4.69,10/10/2019,Manager
LGD-09029,risque de marché,très élevé,faible,3.66,4/1/2017,Specialist
FBI-81174,taux d'intérêt,faible,moyenne,9.34,6/2/2018,Director
YYW-77860,risque de marché,faible,moyenne,3.14,6/29/2012,Specialist
MXQ-52846,devises,élevé,élevée,6.69,1/30/2013,Specialist
KHN-80306,variation des taux,élevé,moyenne,1.53,4/30/2011,Director
PDG-82343,devises,modéré,moyenne,8.13,10/6/2017,Coordinator
FVF-99457,risque de change,modéré,élevée,9.55,10/28/2013,Manager
YJU-56884,devises,très élevé,moyenne,9.94,12/2/2017,Director
JCN-23990,risque de marché,très élevé,élevée,3.64,9/25/2019,Coordinator
NBS-81213,devises,faible,élevée,5.1,4/15/2017,Director
BYH-41586,risque de change,très élevé,moyenne,5.14,7/12/2016,Specialist
SGY-57878,variation des taux,élevé,faible,9.71,2/6/2014,Director
CZJ-86283,risque de marché,très élevé,moyenne,2.26,12/6/2015,Analyst
SWX-81007,risque de change,élevé,moyenne,3.54,6/21/2013,Analyst
TGA-67029,risque de change,très élevé,élevée,5.94,10/17/2013,Director
SYU-84138,devises,très élevé,faible,3.52,3/7/2019,Coordinator
XHN-32410,variation des taux,faible,moyenne,4.31,11/22/2013,Coordinator
UYP-33340,devises,modéré,élevée,4.46,9/10/2013,Manager
TNZ-33777,risque de change,élevé,faible,5.6,3/28/2014,Manager
NQZ-90298,variation des taux,faible,faible,1.76,4/28/2016,Specialist
OEI-84558,risque de marché,élevé,moyenne,3.69,6/12/2019,Manager
RSE-35278,risque de change,élevé,moyenne,8.35,8/25/2016,Analyst
ZBN-50230,risque de marché,très élevé,faible,7.09,12/11/2013,Manager
SIX-33644,risque de marché,modéré,moyenne,7.69,3/16/2017,Manager
QXA-68195,devises,élevé,moyenne,6.12,12/11/2015,Analyst
XDQ-22359,risque de marché,faible,moyenne,4.76,1/11/2012,Specialist
GPA-35625,variation des taux,modéré,élevée,2.49,8/29/2019,Coordinator
AHU-16664,taux d'intérêt,faible,faible,1.93,4/28/2014,Director
PBR-19947,risque de marché,modéré,faible,9.45,8/4/2018,Manager
WIK-33837,taux d'intérêt,faible,moyenne,5.49,8/21/2015,Director
TGS-40866,variation des taux,modéré,élevée,5.98,7/6/2012,Director
GNK-39460,risque de marché,faible,faible,7.45,11/10/2015,Coordinator
BON-73974,taux d'intérêt,très élevé,élevée,7.85,8/3/2020,Director
KAV-92892,risque de change,très élevé,moyenne,9.01,7/18/2019,Coordinator
BYW-19314,risque de change,faible,faible,4.68,6/10/2019,Manager
PRV-39753,risque de change,faible,moyenne,8.39,3/18/2011,Coordinator
YLH-35968,risque de marché,très élevé,moyenne,2.54,3/15/2020,Specialist
LUR-08131,taux d'intérêt,élevé,moyenne,7.28,6/11/2014,Analyst
IGQ-69524,risque de change,faible,élevée,3.99,5/12/2014,Analyst
HRG-82385,risque de change,élevé,élevée,3.58,7/23/2018,Manager
IOM-86239,risque de change,élevé,élevée,5.5,4/28/2015,Manager
DCQ-78060,risque de change,faible,faible,6.65,7/21/2016,Specialist
ZXY-38421,risque de change,très élevé,faible,8.82,8/19/2018,Manager
HKH-09119,devises,élevé,faible,4.76,4/4/2010,Manager
DCU-56748,devises,élevé,faible,3.79,4/16/2017,Specialist
TKV-70143,variation des taux,élevé,élevée,2.06,1/2/2014,Specialist
ITX-16710,variation des taux,très élevé,moyenne,1.13,4/8/2017,Manager
CRF-39768,devises,faible,moyenne,1.64,5/4/2016,Director
MSG-29707,taux d'intérêt,faible,moyenne,8.79,2/27/2018,Analyst
XKE-93737,taux d'intérêt,modéré,moyenne,4.34,6/18/2014,Manager
EPW-62393,risque de change,très élevé,moyenne,3.93,5/14/2010,Director
XRX-09741,risque de marché,très élevé,moyenne,3.77,12/4/2018,Coordinator
ENP-04249,taux d'intérêt,faible,moyenne,6.24,2/5/2011,Director
YKC-61086,risque de change,faible,élevée,6.06,2/26/2016,Director
HDR-94915,variation des taux,faible,moyenne,3.25,2/19/2011,Specialist
QBO-11259,taux d'intérêt,élevé,élevée,1.42,6/11/2018,Coordinator
EJX-64842,taux d'intérêt,très élevé,élevée,8.46,8/6/2015,Analyst
SEA-71610,risque de change,modéré,faible,1.3,3/28/2015,Specialist
CRB-38620,variation des taux,modéré,moyenne,1.61,11/30/2011,Manager
VYS-03594,risque de marché,très élevé,élevée,4.14,12/12/2017,Manager
ABR-26421,variation des taux,faible,moyenne,7.05,2/3/2017,Director
BVL-65297,risque de change,modéré,moyenne,1.39,10/29/2015,Specialist
YEH-54832,risque de marché,très élevé,faible,5.04,4/8/2012,Specialist
QTA-78788,taux d'intérêt,faible,moyenne,4.58,5/5/2018,Coordinator
TOJ-84625,variation des taux,élevé,faible,7.9,12/16/2017,Specialist
EWK-87859,variation des taux,élevé,élevée,4.77,9/5/2018,Specialist
QSA-62595,taux d'intérêt,modéré,faible,4.89,9/10/2018,Analyst
NFG-33199,risque de change,très élevé,élevée,8.31,7/30/2021,Specialist
OIV-23913,risque de change,très élevé,élevée,1.97,8/27/2021,Coordinator
VCL-27008,risque de marché,faible,moyenne,6.84,1/20/2012,Manager
TZA-64186,risque de change,faible,moyenne,6.16,11/14/2018,Director
MYN-33610,risque de change,modéré,moyenne,7.51,8/14/2012,Director
BSF-65860,variation des taux,modéré,élevée,2.68,12/8/2010,Manager
RYR-68797,risque de marché,élevé,élevée,1.21,11/20/2013,Coordinator
LWK-74568,devises,très élevé,faible,2.91,2/9/2021,Coordinator
HRW-82524,taux d'intérêt,élevé,élevée,3.43,5/26/2015,Specialist
MGL-29183,risque de marché,faible,élevée,2.18,9/10/2019,Director
AIL-66413,devises,modéré,moyenne,7.34,3/21/2014,Analyst
TYP-21878,risque de change,très élevé,élevée,3.03,4/24/2011,Manager
IHT-08330,risque de change,modéré,moyenne,9.61,7/9/2019,Manager
MOY-57010,variation des taux,faible,élevée,2.56,1/22/2021,Specialist
UZA-78822,devises,très élevé,faible,3.08,12/6/2019,Coordinator
SUU-61699,variation des taux,faible,élevée,9.16,5/1/2013,Coordinator
WEP-06961,variation des taux,très élevé,élevée,2.78,4/4/2015,Specialist
WAE-57922,taux d'intérêt,modéré,moyenne,9.36,2/5/2020,Analyst
TVQ-17000,risque de marché,modéré,moyenne,2.06,9/29/2018,Coordinator
CQK-07453,taux d'intérêt,très élevé,faible,7.09,6/4/2018,Coordinator
KGW-82531,risque de marché,très élevé,moyenne,2.65,12/8/2012,Specialist
BHS-10991,variation des taux,très élevé,faible,8.9,11/26/2011,Specialist
MWJ-85630,risque de marché,faible,élevée,7.86,9/9/2013,Manager
UJD-45234,taux d'intérêt,très élevé,élevée,2.57,11/24/2021,Analyst
NWE-26900,risque de marché,très élevé,faible,9.05,1/10/2021,Coordinator
KTI-01496,variation des taux,modéré,élevée,5.44,3/20/2017,Manager
ATI-64203,taux d'intérêt,élevé,faible,7.74,6/14/2014,Analyst
QDC-63140,risque de marché,faible,moyenne,9.48,2/20/2011,Manager
XOE-72213,variation des taux,très élevé,moyenne,4.54,3/8/2012,Analyst
WEK-73805,taux d'intérêt,modéré,élevée,7.41,5/30/2015,Specialist
DXJ-71536,devises,élevé,élevée,1.43,2/27/2011,Manager
MUO-81936,risque de change,très élevé,faible,6.75,3/19/2020,Director
BVG-01068,variation des taux,modéré,faible,9.47,5/20/2020,Manager
LUM-94624,variation des taux,faible,élevée,1.65,9/22/2013,Specialist
DHO-00060,devises,faible,faible,3.22,12/5/2020,Specialist
OLT-19361,taux d'intérêt,très élevé,moyenne,9.73,12/26/2011,Manager
HDA-34880,devises,modéré,élevée,2.6,8/3/2011,Analyst
SZM-82390,variation des taux,très élevé,moyenne,9.71,12/13/2020,Analyst
BAC-65539,devises,faible,élevée,7.04,12/21/2020,Coordinator
XTU-94675,risque de change,élevé,moyenne,5.25,2/25/2016,Analyst
XFL-71970,taux d'intérêt,faible,faible,8.34,8/21/2021,Manager
WCY-30990,devises,très élevé,faible,4.31,4/15/2013,Director
FLD-93876,variation des taux,faible,moyenne,4.96,6/4/2013,Specialist
RLP-51163,variation des taux,élevé,moyenne,2.72,1/10/2016,Analyst
MVM-08815,taux d'intérêt,élevé,moyenne,5.59,2/2/2014,Director
INC-78604,risque de marché,très élevé,faible,1.57,3/18/2013,Analyst
KEZ-50279,taux d'intérêt,faible,moyenne,9.76,10/22/2019,Analyst
ZNH-61698,risque de marché,élevé,élevée,2.01,4/16/2020,Specialist
IVQ-42563,variation des taux,faible,élevée,8.14,4/17/2011,Coordinator
CRP-77276,devises,élevé,élevée,5.56,7/23/2021,Specialist
GTS-70844,variation des taux,modéré,moyenne,8.25,2/17/2010,Director
RQU-99869,risque de marché,très élevé,faible,3.37,10/17/2010,Specialist
UTR-01978,risque de marché,élevé,faible,6.52,3/1/2010,Coordinator
ERT-53270,risque de change,faible,moyenne,3.6,8/24/2021,Coordinator
ZPC-83819,variation des taux,très élevé,moyenne,9.5,2/14/2013,Coordinator
OLD-21176,risque de marché,élevé,faible,4.77,10/16/2012,Analyst
PKG-57673,risque de marché,faible,faible,1.47,11/13/2010,Specialist
NQJ-05032,risque de change,élevé,moyenne,7.07,10/19/2019,Manager
FZL-71895,risque de change,faible,moyenne,1.44,10/13/2011,Coordinator
NYC-88987,risque de change,élevé,élevée,7.88,5/8/2018,Analyst
LFY-55282,risque de change,très élevé,moyenne,2.42,2/16/2014,Analyst
RRF-86444,variation des taux,faible,faible,2.61,5/21/2010,Manager
NJE-74013,risque de marché,très élevé,moyenne,9.02,6/17/2015,Analyst
PZQ-16974,taux d'intérêt,élevé,élevée,5.99,11/24/2017,Director
QTA-04439,risque de marché,élevé,moyenne,4.86,6/23/2010,Specialist
BVM-35352,devises,très élevé,faible,3.29,12/11/2014,Analyst
VUS-09103,variation des taux,élevé,faible,7.58,9/2/2019,Manager
YUG-02481,risque de change,modéré,faible,1.51,7/26/2013,Analyst
ATV-89995,variation des taux,faible,faible,7.68,9/10/2014,Manager
WQT-73419,taux d'intérêt,élevé,moyenne,6.13,11/5/2020,Director
NPY-45234,devises,élevé,élevée,7.85,1/18/2013,Specialist
FPS-50438,taux d'intérêt,très élevé,moyenne,3.84,1/17/2010,Coordinator
HMU-97965,devises,modéré,faible,2.14,3/30/2012,Manager
FIB-01681,taux d'intérêt,faible,moyenne,2.64,9/25/2013,Specialist
LYM-32284,risque de change,modéré,moyenne,3.14,5/16/2021,Director
SOU-49827,taux d'intérêt,très élevé,moyenne,1.86,11/14/2011,Director
WYX-40944,devises,modéré,élevée,3.81,10/2/2017,Director
ZEV-06808,devises,modéré,faible,7.5,2/3/2020,Analyst
ZMO-11835,devises,élevé,faible,2.26,6/22/2010,Manager
UOX-35633,risque de change,faible,moyenne,3.53,6/13/2021,Director
YRV-45717,variation des taux,modéré,élevée,7.59,12/29/2015,Specialist
ALH-54373,devises,faible,élevée,3.51,5/22/2016,Director
WRZ-45527,taux d'intérêt,élevé,élevée,3.47,7/5/2017,Analyst
WUN-52126,devises,faible,élevée,1.63,1/14/2021,Coordinator
DHF-21902,risque de change,élevé,élevée,6.97,1/7/2021,Analyst
OZQ-02566,taux d'intérêt,élevé,moyenne,2.78,12/3/2014,Specialist
NWN-40657,risque de marché,modéré,élevée,6.84,8/30/2020,Coordinator
KOX-77021,devises,modéré,élevée,4.33,10/14/2013,Specialist
NXM-46025,variation des taux,très élevé,élevée,4.15,4/2/2011,Director
QYX-07197,devises,faible,élevée,3.54,12/11/2019,Manager
ZWG-17017,devises,faible,faible,8.48,3/3/2012,Director
RWF-53477,taux d'intérêt,modéré,faible,6.59,11/7/2011,Manager
LXC-14710,risque de marché,faible,moyenne,3.25,4/21/2021,Director
RLW-40531,variation des taux,très élevé,moyenne,5.52,9/30/2012,Coordinator
PCJ-25925,risque de change,élevé,moyenne,7.48,10/14/2021,Coordinator
ZNG-87937,devises,très élevé,faible,9.85,7/20/2011,Director
QNZ-03248,variation des taux,modéré,élevée,3.6,2/11/2015,Director
KXW-18427,risque de marché,modéré,moyenne,1.73,1/19/2014,Coordinator
UWF-33943,risque de change,faible,moyenne,5.08,6/29/2019,Director
GAB-91239,devises,faible,faible,6.81,12/18/2021,Manager
XBN-80241,taux d'intérêt,élevé,faible,5.14,5/13/2010,Specialist
GAR-41124,devises,modéré,moyenne,2.73,2/1/2019,Specialist
OAP-53038,taux d'intérêt,très élevé,élevée,2.2,8/8/2020,Coordinator
QZT-13133,risque de change,faible,faible,7.34,1/31/2019,Analyst
KWO-97912,risque de marché,très élevé,faible,2.23,10/17/2019,Manager
YBA-64742,taux d'intérêt,élevé,faible,8.61,6/2/2019,Analyst
HCS-78535,devises,très élevé,élevée,9.32,2/14/2014,Manager
JMF-86328,risque de change,faible,élevée,4.84,4/20/2016,Manager
ELA-25986,variation des taux,très élevé,élevée,2.02,4/11/2017,Manager
MLX-08035,variation des taux,très élevé,faible,7.39,4/9/2010,Specialist
LQJ-36849,taux d'intérêt,élevé,moyenne,6.21,7/13/2017,Coordinator
DWW-35780,devises,très élevé,élevée,8.9,6/7/2017,Director
XKS-38778,variation des taux,très élevé,moyenne,4.31,2/3/2011,Director
MOP-78918,variation des taux,très élevé,faible,4.99,6/1/2017,Specialist
UKX-95729,risque de change,très élevé,faible,9.9,11/4/2020,Manager
LNW-15614,variation des taux,faible,moyenne,8.89,12/25/2017,Manager
RTU-84409,variation des taux,très élevé,moyenne,5.99,7/23/2017,Analyst
PUH-79129,taux d'intérêt,très élevé,élevée,2.46,7/18/2021,Analyst
OOL-63313,risque de change,faible,élevée,8.25,1/15/2015,Analyst
BQX-10926,risque de change,faible,élevée,5.72,9/16/2020,Analyst
TEJ-06069,devises,modéré,faible,7.89,2/3/2021,Manager
ANH-95717,risque de change,très élevé,moyenne,9.73,12/3/2020,Analyst
AOZ-62072,variation des taux,modéré,faible,8.2,3/6/2012,Analyst
IOR-43343,variation des taux,modéré,élevée,6.27,9/23/2017,Manager
ZSG-85483,taux d'intérêt,modéré,faible,2.02,4/29/2019,Coordinator
OUE-63924,devises,faible,moyenne,2.69,12/12/2018,Director
RXS-99262,devises,modéré,moyenne,8.41,11/10/2010,Coordinator
AQX-20463,variation des taux,faible,faible,4.59,1/18/2015,Coordinator
QMU-29448,variation des taux,élevé,faible,6.23,12/13/2014,Coordinator
UBN-23964,risque de marché,modéré,faible,8.52,11/16/2021,Analyst
ANL-00403,risque de marché,très élevé,élevée,6.62,5/25/2018,Coordinator
KPC-74678,variation des taux,très élevé,faible,6.6,1/21/2016,Coordinator
FUC-95218,variation des taux,modéré,faible,1.97,5/6/2017,Coordinator
XAW-12605,risque de change,très élevé,élevée,9.83,1/14/2011,Analyst
VHZ-48766,devises,faible,élevée,1.37,9/8/2018,Manager
FZY-25440,risque de marché,modéré,moyenne,4.03,9/5/2020,Specialist
VBY-30424,risque de marché,modéré,faible,6.26,1/6/2011,Director
YUK-23642,taux d'intérêt,élevé,faible,4.05,1/14/2013,Analyst
SZQ-21940,variation des taux,élevé,élevée,7.86,5/26/2011,Analyst
DYW-83833,taux d'intérêt,modéré,faible,3.36,6/23/2012,Manager
KHB-81694,risque de change,faible,moyenne,9.71,8/14/2014,Coordinator
VJD-04569,devises,très élevé,élevée,8.04,7/20/2010,Coordinator
VBH-45916,risque de marché,très élevé,moyenne,1.28,7/7/2010,Analyst
TDY-45661,risque de marché,faible,faible,8.32,2/19/2015,Analyst
TRL-91000,variation des taux,très élevé,faible,6.77,11/4/2017,Coordinator
TQP-41412,devises,modéré,élevée,7.6,2/8/2015,Manager
FMG-34525,taux d'intérêt,très élevé,élevée,6.79,3/9/2012,Coordinator
XWI-96595,devises,élevé,élevée,2.7,7/12/2010,Analyst
CGY-13522,risque de change,faible,élevée,1.39,11/5/2015,Specialist
BLK-42971,taux d'intérêt,élevé,faible,6.9,4/3/2021,Director
YSL-94034,variation des taux,modéré,élevée,9.92,4/7/2021,Specialist
BHB-90898,taux d'intérêt,faible,faible,8.62,3/14/2019,Manager
JAK-33771,taux d'intérêt,faible,faible,9.27,10/4/2014,Analyst
LPA-39445,devises,très élevé,élevée,1.76,5/17/2016,Coordinator
TXK-42190,taux d'intérêt,modéré,élevée,6.38,2/14/2017,Specialist
UXJ-21121,devises,faible,moyenne,3.24,6/18/2021,Director
JBY-71193,variation des taux,élevé,élevée,6.09,1/17/2021,Director
FCX-64643,variation des taux,modéré,moyenne,2.65,3/2/2014,Director
QCS-72582,risque de marché,modéré,faible,1.24,6/3/2014,Specialist
RGD-34561,risque de change,modéré,faible,6.59,11/5/2021,Coordinator
KBE-75959,taux d'intérêt,faible,faible,5.6,7/8/2013,Specialist
VDX-65608,variation des taux,élevé,moyenne,7.44,1/4/2010,Analyst
ILH-68367,devises,modéré,élevée,7.97,8/19/2014,Specialist
UVC-49092,risque de marché,très élevé,moyenne,9.67,8/30/2015,Director
JWT-69501,risque de change,élevé,faible,6.45,9/24/2016,Coordinator
KKO-24630,variation des taux,modéré,faible,3.21,12/12/2020,Specialist
MSO-36565,devises,faible,faible,9.23,6/1/2016,Director
PZD-41766,variation des taux,modéré,élevée,6.31,2/2/2018,Analyst
VHL-26431,taux d'intérêt,faible,élevée,2.29,10/1/2019,Specialist
KPD-74301,taux d'intérêt,très élevé,faible,7.16,1/19/2016,Coordinator
ACN-30789,risque de marché,élevé,élevée,9.62,9/9/2019,Director
KIJ-15535,risque de change,très élevé,faible,5.25,5/6/2012,Specialist
DPO-69890,devises,élevé,moyenne,9.28,4/24/2018,Analyst
FMX-30266,risque de change,faible,élevée,7.5,6/14/2012,Specialist
DLR-00658,devises,élevé,moyenne,1.51,1/6/2010,Director
OHJ-23823,variation des taux,élevé,élevée,6.52,3/5/2010,Manager
EFN-15457,devises,faible,moyenne,6.91,10/26/2012,Analyst
SWX-47482,devises,faible,faible,4.0,9/25/2010,Director
HJY-98149,variation des taux,très élevé,moyenne,7.88,8/30/2015,Manager
DXD-38809,taux d'intérêt,modéré,moyenne,6.1,3/22/2019,Specialist
VEC-34368,risque de change,modéré,élevée,5.54,1/31/2013,Specialist
AHG-71689,risque de change,élevé,élevée,3.43,9/24/2011,Coordinator
BBA-19809,variation des taux,modéré,faible,7.32,2/3/2019,Analyst
GAR-27070,risque de marché,élevé,faible,2.72,2/27/2018,Director
MAX-13535,risque de marché,faible,élevée,3.33,3/26/2010,Analyst
WGA-96531,devises,élevé,moyenne,7.46,3/19/2018,Director
RMC-74287,risque de marché,très élevé,élevée,4.42,7/6/2010,Coordinator
VBF-67563,devises,modéré,moyenne,7.72,10/22/2021,Coordinator
TDK-28853,variation des taux,modéré,élevée,5.38,2/11/2017,Analyst
NEN-22985,taux d'intérêt,faible,moyenne,7.8,2/11/2020,Specialist
CWC-56251,devises,élevé,faible,8.68,8/22/2021,Director
LTD-81329,risque de change,élevé,élevée,1.17,12/29/2018,Specialist
OYO-19182,risque de marché,élevé,faible,4.92,5/20/2014,Coordinator
JXN-75698,risque de change,élevé,élevée,9.15,10/22/2019,Director
RYT-00534,taux d'intérêt,élevé,moyenne,2.91,4/2/2020,Director
RUU-53432,variation des taux,faible,moyenne,4.29,11/29/2010,Director
FRS-73799,variation des taux,modéré,faible,9.72,4/3/2021,Analyst
LIB-00631,devises,modéré,élevée,7.74,11/30/2020,Analyst
FMM-53829,taux d'intérêt,élevé,faible,8.43,8/8/2020,Coordinator
WMZ-68783,risque de marché,faible,moyenne,4.97,8/4/2014,Manager
TYD-25335,risque de marché,élevé,élevée,9.49,1/16/2011,Manager
XBF-86393,variation des taux,faible,faible,8.13,2/11/2021,Specialist
GXU-07121,taux d'intérêt,très élevé,moyenne,9.88,9/11/2016,Specialist
TYQ-27313,variation des taux,très élevé,élevée,5.35,11/17/2020,Director
CKO-67740,devises,faible,élevée,9.77,11/29/2011,Specialist
TSR-08902,devises,très élevé,moyenne,2.12,7/17/2014,Specialist
OPV-58891,variation des taux,faible,faible,3.66,3/10/2015,Analyst
FIY-08711,variation des taux,faible,élevée,6.45,11/22/2019,Manager
XBA-41317,risque de change,très élevé,faible,3.21,8/11/2017,Director
BTH-84664,variation des taux,très élevé,élevée,3.47,6/11/2012,Coordinator
WUQ-73280,risque de change,modéré,faible,2.35,9/16/2012,Manager
ZFA-83920,variation des taux,modéré,faible,6.88,12/12/2010,Coordinator
HEP-51949,devises,élevé,faible,1.69,9/16/2012,Coordinator
SPX-72663,risque de change,élevé,élevée,6.12,3/4/2012,Coordinator
FGZ-78674,taux d'intérêt,très élevé,moyenne,6.84,1/13/2012,Director
XKB-91469,risque de change,élevé,moyenne,6.67,10/30/2015,Specialist
REA-37210,variation des taux,élevé,faible,8.3,9/21/2013,Analyst
LYE-66380,devises,faible,faible,2.13,8/18/2011,Director
KTS-66463,risque de change,très élevé,moyenne,9.63,10/7/2020,Director
HRY-85689,devises,très élevé,moyenne,5.64,9/23/2012,Director
SPF-57336,risque de change,très élevé,élevée,9.36,4/13/2021,Analyst
OIQ-08440,devises,faible,moyenne,5.92,12/1/2018,Coordinator
FBO-73037,taux d'intérêt,très élevé,moyenne,4.32,7/12/2014,Analyst
VLF-48834,taux d'intérêt,faible,moyenne,4.68,10/24/2014,Director
ZZA-43685,risque de marché,modéré,moyenne,6.06,1/27/2020,Specialist
KDE-38218,variation des taux,très élevé,moyenne,2.95,12/22/2013,Manager
GPJ-48666,variation des taux,modéré,faible,5.41,1/9/2011,Specialist
IQG-35568,devises,très élevé,faible,6.68,10/19/2021,Analyst
NBR-48083,risque de marché,très élevé,élevée,4.07,6/17/2011,Specialist
FRR-99812,variation des taux,élevé,élevée,4.01,10/26/2021,Manager
PJA-59900,devises,élevé,moyenne,6.85,10/20/2018,Analyst
DXF-54221,risque de marché,modéré,moyenne,1.46,11/29/2019,Director
TYJ-47260,variation des taux,modéré,faible,8.49,1/25/2014,Manager
IDV-68553,risque de marché,très élevé,faible,5.1,6/3/2010,Specialist
COB-39220,devises,élevé,élevée,9.09,5/8/2015,Analyst
AIN-74096,risque de marché,élevé,faible,3.67,1/3/2015,Specialist
KTM-26500,taux d'intérêt,faible,moyenne,6.37,8/23/2017,Manager
KNI-39927,risque de change,modéré,faible,6.14,8/23/2017,Coordinator
BCD-41069,taux d'intérêt,faible,faible,6.62,1/27/2021,Director
OFA-32233,risque de change,très élevé,moyenne,3.64,12/7/2014,Specialist
RSA-93829,risque de change,modéré,faible,8.17,5/18/2014,Analyst
RQQ-38799,risque de marché,faible,faible,4.55,12/2/2017,Director
AHJ-69018,risque de marché,très élevé,faible,8.41,11/2/2019,Manager
SMK-85707,taux d'intérêt,faible,faible,8.04,1/10/2019,Specialist
LIX-89576,taux d'intérêt,très élevé,faible,5.73,2/24/2013,Analyst
HFL-30133,risque de marché,modéré,moyenne,7.9,12/2/2021,Analyst
WRE-79239,variation des taux,élevé,élevée,4.48,4/14/2014,Analyst
BPP-10997,variation des taux,faible,élevée,3.81,7/5/2017,Analyst
XUF-76746,taux d'intérêt,élevé,élevée,1.93,1/10/2012,Coordinator
QOR-48801,variation des taux,modéré,moyenne,6.27,7/14/2014,Director
ZCN-18818,taux d'intérêt,modéré,élevée,9.43,2/22/2013,Manager
MWR-58994,taux d'intérêt,faible,élevée,8.4,10/29/2016,Manager
NID-32857,risque de marché,modéré,moyenne,3.91,5/16/2018,Analyst
FEH-28493,risque de change,modéré,élevée,9.02,5/4/2019,Analyst
CBL-91391,devises,faible,élevée,3.98,1/29/2014,Director
YJU-58678,taux d'intérêt,élevé,élevée,9.81,8/1/2019,Director
KDJ-14881,risque de marché,faible,moyenne,2.2,11/21/2016,Manager
UIC-52551,devises,modéré,élevée,5.96,7/3/2015,Analyst
CJW-37035,risque de marché,élevé,élevée,8.47,10/4/2014,Coordinator
WXE-68257,variation des taux,modéré,moyenne,6.64,8/31/2010,Manager
NEX-84900,taux d'intérêt,modéré,moyenne,8.01,7/18/2020,Specialist
RBK-89176,risque de marché,élevé,moyenne,2.31,3/27/2013,Specialist
UFP-41493,variation des taux,modéré,moyenne,9.93,3/16/2017,Analyst
MTF-66390,variation des taux,modéré,moyenne,7.9,6/14/2019,Manager
FWL-25071,devises,faible,moyenne,3.13,2/20/2010,Coordinator
JVE-56129,taux d'intérêt,modéré,faible,2.33,5/4/2011,Analyst
SQH-44084,devises,faible,élevée,8.09,6/6/2013,Coordinator
RUA-90715,variation des taux,élevé,moyenne,2.28,6/10/2017,Specialist
OGQ-18747,risque de change,élevé,moyenne,8.08,3/2/2013,Coordinator
EMH-15205,variation des taux,élevé,faible,3.65,7/12/2013,Coordinator
DEW-06561,devises,très élevé,faible,7.52,6/10/2020,Manager
OLH-84966,variation des taux,modéré,élevée,4.92,6/20/2013,Manager
KXH-62998,variation des taux,modéré,faible,8.21,5/7/2019,Coordinator
SWO-21603,devises,élevé,élevée,3.54,1/7/2015,Director
QDP-13527,risque de change,modéré,moyenne,5.3,8/7/2021,Analyst
JNO-63131,taux d'intérêt,modéré,élevée,9.35,7/28/2013,Analyst
UPL-67683,variation des taux,élevé,moyenne,6.95,10/23/2021,Analyst
OWX-78389,risque de marché,faible,faible,8.37,4/11/2020,Manager
CUF-10365,devises,modéré,élevée,1.57,1/26/2012,Analyst
LDO-21401,risque de change,très élevé,faible,7.7,5/12/2010,Analyst
LKW-68318,risque de change,élevé,faible,2.95,11/3/2019,Coordinator
RBK-32631,variation des taux,élevé,moyenne,7.0,6/16/2013,Coordinator
UPV-71155,variation des taux,élevé,moyenne,6.27,6/20/2016,Specialist
RCQ-42976,devises,modéré,faible,3.62,4/20/2019,Manager
WXO-98674,risque de marché,faible,moyenne,9.37,12/27/2020,Coordinator
NBN-34549,taux d'intérêt,élevé,moyenne,7.89,4/10/2012,Specialist
CEA-29849,devises,très élevé,moyenne,8.86,4/8/2011,Analyst
JYA-70397,devises,faible,faible,8.74,4/9/2020,Specialist
KNF-66999,risque de change,très élevé,moyenne,6.47,7/6/2012,Director
GJB-70677,devises,élevé,faible,2.44,4/15/2011,Manager
BTS-60991,variation des taux,très élevé,élevée,9.28,3/10/2012,Manager
AXN-05403,risque de marché,faible,faible,1.99,11/11/2012,Manager
MNZ-32579,risque de change,modéré,moyenne,5.89,3/14/2020,Director
JRK-94056,taux d'intérêt,faible,moyenne,8.42,3/13/2017,Analyst
BUC-88050,risque de marché,très élevé,élevée,5.34,8/6/2017,Coordinator
SKW-59736,risque de change,faible,faible,9.31,12/23/2014,Specialist
OAJ-56321,taux d'intérêt,modéré,élevée,4.55,12/19/2017,Specialist
QAJ-69806,variation des taux,faible,élevée,5.81,1/19/2013,Manager
WYX-05987,taux d'intérêt,élevé,élevée,8.45,4/15/2018,Coordinator
UYX-12972,devises,très élevé,élevée,6.18,1/9/2018,Director
FOS-08508,variation des taux,élevé,faible,4.51,9/29/2012,Specialist
HNJ-42915,variation des taux,modéré,élevée,5.28,8/29/2010,Manager
NFG-88780,risque de marché,modéré,moyenne,3.5,6/9/2012,Manager
IHB-60768,devises,faible,élevée,4.89,5/10/2020,Coordinator
VRQ-18224,devises,modéré,moyenne,6.78,2/25/2014,Coordinator
HAM-44658,risque de marché,très élevé,élevée,1.46,1/23/2021,Analyst
UUE-02201,risque de change,élevé,faible,3.71,1/1/2010,Coordinator
FDB-39736,variation des taux,très élevé,élevée,4.61,2/20/2013,Analyst
WCE-82844,taux d'intérêt,très élevé,faible,1.16,9/17/2012,Analyst
MXQ-04057,variation des taux,faible,faible,6.72,11/23/2020,Manager
MDP-18677,taux d'intérêt,élevé,élevée,2.41,7/5/2020,Analyst
APW-22589,risque de marché,élevé,moyenne,9.15,12/21/2011,Analyst
YZI-34930,taux d'intérêt,modéré,élevée,2.47,12/19/2012,Manager
SQT-46328,devises,faible,faible,1.08,11/27/2021,Director
TKU-10341,risque de change,élevé,élevée,2.92,3/8/2018,Director
JHM-32303,variation des taux,très élevé,moyenne,4.78,7/12/2011,Manager
XWW-91962,risque de change,élevé,moyenne,2.54,2/12/2018,Coordinator
KIW-66721,taux d'intérêt,très élevé,élevée,5.97,2/10/2011,Analyst
LZZ-94561,taux d'intérêt,modéré,élevée,5.41,8/9/2013,Director
RZX-47490,risque de marché,très élevé,moyenne,2.48,10/14/2013,Director
XWE-57079,variation des taux,très élevé,faible,3.74,6/28/2010,Manager
FUU-29633,risque de change,élevé,moyenne,7.7,3/9/2017,Analyst
OWZ-01424,taux d'intérêt,modéré,moyenne,8.49,6/23/2013,Analyst
XNH-85019,devises,modéré,faible,2.76,4/30/2015,Coordinator
XYQ-48640,devises,très élevé,moyenne,8.73,6/23/2016,Director
QLX-93107,taux d'intérêt,élevé,élevée,6.7,8/14/2014,Manager
MNP-44628,variation des taux,faible,faible,7.95,12/5/2012,Specialist
OZV-01630,risque de marché,élevé,faible,8.9,1/9/2010,Specialist
QON-34006,devises,élevé,faible,2.29,6/25/2020,Coordinator
HNC-90605,risque de marché,très élevé,élevée,4.27,8/2/2011,Coordinator
HCC-91710,taux d'intérêt,faible,élevée,6.12,10/21/2020,Analyst
FCP-59654,variation des taux,élevé,faible,3.9,3/18/2013,Analyst
KLT-90796,risque de change,faible,élevée,7.06,10/5/2012,Analyst
ABD-62254,taux d'intérêt,très élevé,élevée,9.82,9/29/2014,Manager
KFX-18302,taux d'intérêt,modéré,élevée,4.71,12/18/2017,Manager
FFS-08823,risque de marché,faible,élevée,2.99,9/19/2021,Director
ZUO-46038,taux d'intérêt,modéré,élevée,9.86,10/14/2021,Director
OKN-44891,devises,modéré,faible,6.01,10/29/2012,Analyst
EIX-50948,devises,modéré,élevée,9.44,8/11/2014,Analyst
ORW-89462,devises,modéré,faible,8.56,10/20/2017,Specialist
FPW-80479,taux d'intérêt,faible,moyenne,5.9,6/7/2018,Specialist
VBI-86383,taux d'intérêt,élevé,moyenne,3.56,11/8/2017,Specialist
ZYX-94154,taux d'intérêt,modéré,moyenne,3.01,4/15/2016,Coordinator
WLT-59537,risque de marché,très élevé,faible,9.97,10/2/2015,Analyst
AHD-26589,risque de change,très élevé,moyenne,2.54,1/15/2013,Analyst
XUT-51115,variation des taux,élevé,faible,8.92,11/30/2016,Manager
IOW-07704,devises,faible,élevée,1.29,12/29/2015,Director
YAB-39867,risque de marché,très élevé,faible,1.84,5/15/2011,Specialist
YMG-79581,devises,modéré,faible,8.12,9/13/2020,Analyst
UFK-03766,devises,très élevé,moyenne,8.34,3/10/2013,Specialist
HLV-88873,risque de change,faible,faible,7.51,3/7/2014,Manager
PAM-84139,taux d'intérêt,modéré,moyenne,6.88,3/1/2017,Manager
SGB-01312,taux d'intérêt,faible,moyenne,4.92,7/29/2016,Coordinator
KIU-03272,risque de marché,très élevé,faible,4.85,4/6/2020,Analyst
QYZ-42766,taux d'intérêt,élevé,moyenne,8.36,3/25/2012,Analyst
CWL-44278,taux d'intérêt,très élevé,moyenne,1.31,2/28/2013,Director
FCP-80037,devises,modéré,élevée,4.23,4/21/2011,Specialist
SYL-37845,taux d'intérêt,modéré,élevée,1.99,3/26/2016,Coordinator
XYG-01856,variation des taux,faible,élevée,8.24,12/31/2017,Coordinator
LKL-79776,risque de marché,faible,élevée,9.79,5/21/2021,Specialist
DMY-13034,variation des taux,modéré,faible,9.54,6/6/2016,Analyst
IJA-02023,taux d'intérêt,élevé,faible,8.2,2/25/2013,Specialist
UVD-91555,risque de change,élevé,faible,5.46,3/29/2012,Coordinator
QHI-26794,devises,faible,moyenne,6.82,4/2/2021,Coordinator
OCA-17022,risque de marché,modéré,faible,4.1,6/4/2017,Manager
UNI-10532,taux d'intérêt,élevé,faible,5.82,8/10/2012,Coordinator
ALE-32647,risque de marché,élevé,moyenne,5.97,1/11/2020,Manager
NPX-61676,risque de change,modéré,moyenne,9.15,2/24/2013,Manager
LWR-64493,devises,élevé,faible,1.56,8/6/2020,Director
GCX-10565,risque de marché,modéré,élevée,5.36,4/10/2021,Analyst
UYC-51225,risque de change,faible,moyenne,5.76,8/6/2017,Analyst
GIK-21021,risque de marché,très élevé,moyenne,3.16,1/20/2017,Director
AQV-13907,risque de change,très élevé,faible,6.98,12/27/2012,Analyst
UZN-81264,variation des taux,élevé,moyenne,1.57,9/10/2011,Specialist
SRY-51120,variation des taux,élevé,faible,6.8,8/31/2019,Specialist
FPQ-44561,risque de change,très élevé,faible,5.08,11/25/2020,Analyst
KBY-67171,risque de marché,élevé,faible,4.77,3/2/2021,Specialist
ZTM-36126,risque de change,très élevé,élevée,2.49,9/24/2017,Analyst
ZYZ-97312,risque de marché,modéré,élevée,4.4,8/16/2020,Manager
MNH-81148,taux d'intérêt,très élevé,moyenne,6.04,3/19/2012,Manager
ACG-99872,devises,modéré,moyenne,8.56,3/12/2019,Analyst
UZW-94862,devises,faible,faible,7.54,6/16/2012,Specialist
KNM-35121,devises,très élevé,moyenne,6.08,11/26/2011,Coordinator
SIX-77606,variation des taux,très élevé,élevée,9.41,11/20/2010,Specialist
TBP-64183,risque de change,faible,élevée,8.5,12/21/2010,Director
HZB-12397,risque de marché,faible,moyenne,3.37,7/21/2010,Coordinator
HOU-76898,risque de marché,élevé,élevée,4.31,9/18/2014,Manager
QGL-76609,risque de marché,modéré,élevée,9.72,7/23/2017,Analyst
KUH-92815,devises,très élevé,faible,2.4,5/4/2013,Analyst
MRO-86581,variation des taux,élevé,faible,4.93,6/11/2017,Director
QON-08921,devises,faible,moyenne,4.47,2/18/2016,Director
SLK-84386,risque de marché,très élevé,faible,4.99,11/2/2019,Coordinator
ESB-30798,devises,élevé,élevée,7.82,10/13/2015,Manager
RBS-25843,variation des taux,modéré,moyenne,3.29,12/19/2017,Director
NNX-49577,devises,modéré,élevée,8.95,9/14/2012,Specialist
PBU-60640,devises,modéré,moyenne,1.43,9/11/2018,Specialist
UKX-79973,risque de change,élevé,faible,3.81,7/25/2020,Director
KMA-18402,risque de change,modéré,faible,5.51,9/1/2010,Director
VOY-37557,risque de marché,faible,faible,4.34,3/10/2012,Specialist
PFF-11795,variation des taux,très élevé,moyenne,3.6,4/16/2018,Manager
KUQ-80535,risque de change,élevé,élevée,2.12,10/21/2021,Manager
QTL-47338,risque de marché,modéré,moyenne,6.63,10/8/2020,Coordinator
ULW-62901,risque de change,élevé,faible,1.49,6/30/2018,Manager
GCO-32437,risque de change,élevé,moyenne,8.28,9/30/2010,Analyst
GDA-80079,risque de marché,très élevé,élevée,2.93,12/31/2011,Analyst
ZJI-89171,variation des taux,faible,élevée,9.06,12/2/2010,Specialist
NUW-60971,taux d'intérêt,modéré,faible,8.53,5/2/2014,Manager
NSW-92857,risque de change,faible,faible,6.67,10/29/2020,Director
TTR-87685,risque de change,élevé,faible,4.64,2/13/2021,Coordinator
KTL-62146,risque de change,faible,élevée,9.24,5/2/2019,Manager
FXI-30956,variation des taux,modéré,élevée,1.51,11/28/2020,Manager
VTB-62187,risque de change,élevé,faible,5.84,12/24/2012,Manager
YXD-28745,variation des taux,modéré,élevée,9.49,10/19/2019,Analyst
MXU-62395,variation des taux,faible,élevée,2.86,4/1/2014,Specialist
JMW-07278,taux d'intérêt,très élevé,faible,2.35,7/31/2019,Analyst
ASM-74988,variation des taux,modéré,faible,6.54,6/28/2010,Director
DKL-14177,devises,très élevé,moyenne,3.87,9/30/2013,Analyst
UOI-52022,risque de change,très élevé,moyenne,9.95,9/8/2021,Analyst
ERB-05690,risque de marché,modéré,élevée,1.17,4/7/2017,Coordinator
UYK-05540,risque de marché,très élevé,moyenne,6.84,2/23/2014,Coordinator
MZB-32672,taux d'intérêt,faible,élevée,9.85,6/6/2010,Specialist
FTG-04171,risque de change,très élevé,faible,2.52,4/17/2019,Analyst
RAO-70409,taux d'intérêt,élevé,élevée,6.64,3/6/2012,Manager
BIX-97934,taux d'intérêt,modéré,élevée,3.82,1/16/2017,Director
XWB-47641,taux d'intérêt,très élevé,moyenne,4.09,8/26/2011,Specialist
ODF-64975,risque de change,modéré,élevée,1.13,4/16/2017,Analyst
MLT-02512,variation des taux,élevé,élevée,5.67,5/30/2014,Analyst
GSB-29439,risque de change,modéré,moyenne,8.29,5/11/2012,Coordinator
QUS-98092,devises,faible,élevée,9.63,11/16/2020,Manager
PES-30915,risque de change,élevé,moyenne,1.82,10/18/2017,Coordinator
VDF-00551,devises,faible,faible,8.78,3/7/2018,Director
MSD-89106,risque de change,élevé,élevée,4.13,10/9/2017,Specialist
UYO-48793,variation des taux,élevé,faible,5.65,10/24/2017,Director
SRR-99631,taux d'intérêt,élevé,élevée,4.72,5/8/2015,Manager
XEM-53440,risque de marché,très élevé,moyenne,8.12,1/23/2018,Analyst
XQK-62580,variation des taux,élevé,moyenne,1.53,3/27/2012,Specialist
DXE-42344,taux d'intérêt,modéré,élevée,8.22,5/8/2020,Coordinator
QOI-79372,devises,très élevé,élevée,3.83,12/14/2018,Manager
ZBW-89599,devises,modéré,moyenne,5.07,3/17/2020,Analyst
LCT-46045,risque de change,très élevé,faible,2.54,7/23/2012,Analyst
